{
  "credentials": {
  "peers": [
    {
      "discovery_host": "864acfab0a734673a4f99844a8b02129-vp0.us.blockchain.ibm.com",
      "discovery_port": 30304,
      "api_host": "864acfab0a734673a4f99844a8b02129-vp0.us.blockchain.ibm.com",
      "api_port_tls": 444,
      "api_port": 444,
      "type": "peer",
      "network_id": "864acfab0a734673a4f99844a8b02129",
      "container_id": "be47645b172e137591c2a5c4838a0f1320b79a23837dfd66809901a6613f8113",
      "id": "864acfab0a734673a4f99844a8b02129-vp0",
      "api_url": "http://864acfab0a734673a4f99844a8b02129-vp0.us.blockchain.ibm.com:444"
    },
    {
      "discovery_host": "864acfab0a734673a4f99844a8b02129-vp2.us.blockchain.ibm.com",
      "discovery_port": 30304,
      "api_host": "864acfab0a734673a4f99844a8b02129-vp2.us.blockchain.ibm.com",
      "api_port_tls": 444,
      "api_port": 444,
      "type": "peer",
      "network_id": "864acfab0a734673a4f99844a8b02129",
      "container_id": "39fde355a8338355880fc995294c6c7fe726a2f39487177f91d3974fad4c4661",
      "id": "864acfab0a734673a4f99844a8b02129-vp2",
      "api_url": "http://864acfab0a734673a4f99844a8b02129-vp2.us.blockchain.ibm.com:444"
    },
    {
      "discovery_host": "864acfab0a734673a4f99844a8b02129-vp3.us.blockchain.ibm.com",
      "discovery_port": 30304,
      "api_host": "864acfab0a734673a4f99844a8b02129-vp3.us.blockchain.ibm.com",
      "api_port_tls": 444,
      "api_port": 444,
      "type": "peer",
      "network_id": "864acfab0a734673a4f99844a8b02129",
      "container_id": "e6986627b1711b4b13a62c45ddbb87285b68fb7977951040482e8ce5da5d5d18",
      "id": "864acfab0a734673a4f99844a8b02129-vp3",
      "api_url": "http://864acfab0a734673a4f99844a8b02129-vp3.us.blockchain.ibm.com:444"
    },
    {
      "discovery_host": "864acfab0a734673a4f99844a8b02129-vp1.us.blockchain.ibm.com",
      "discovery_port": 30304,
      "api_host": "864acfab0a734673a4f99844a8b02129-vp1.us.blockchain.ibm.com",
      "api_port_tls": 444,
      "api_port": 444,
      "type": "peer",
      "network_id": "864acfab0a734673a4f99844a8b02129",
      "container_id": "2d521e423c947164d2a9e4bcd7e13c0cad5e5a762c89271c23ddb260fabbd30c",
      "id": "864acfab0a734673a4f99844a8b02129-vp1",
      "api_url": "http://864acfab0a734673a4f99844a8b02129-vp1.us.blockchain.ibm.com:444"
    }
  ],
  "ca": {
    "864acfab0a734673a4f99844a8b02129-ca": {
      "url": "864acfab0a734673a4f99844a8b02129-ca.us.blockchain.ibm.com:30304",
      "discovery_host": "864acfab0a734673a4f99844a8b02129-ca.us.blockchain.ibm.com",
      "discovery_port": 30304,
      "api_host": "864acfab0a734673a4f99844a8b02129-ca.us.blockchain.ibm.com",
      "api_port_tls": 30304,
      "api_port": 30304,
      "type": "ca",
      "network_id": "864acfab0a734673a4f99844a8b02129",
      "container_id": "eb7f1eb3baa8ad1f033346d937312c023c07610619eb8d32ebf304e5970efb19",
      "newUsersObj": [
        {
          "enrollId": "admin",
          "enrollSecret": "fa79bac40b",
          "group": "group1",
          "affiliation": "0001",
          "username": "admin",
          "secret": "fa79bac40b"
        },
        {
          "enrollId": "WebAppAdmin",
          "enrollSecret": "45ab9df4af",
          "group": "group1",
          "affiliation": "0001",
          "username": "WebAppAdmin",
          "secret": "45ab9df4af"
        },
        {
          "enrollId": "peer0",
          "enrollSecret": "42bb97e69e",
          "group": "group1",
          "affiliation": "0001",
          "username": "peer0",
          "secret": "42bb97e69e"
        },
        {
          "enrollId": "peer1",
          "enrollSecret": "40f39491b8",
          "group": "group1",
          "affiliation": "0001",
          "username": "peer1",
          "secret": "40f39491b8"
        },
        {
          "enrollId": "peer2",
          "enrollSecret": "2fe5440aa7",
          "group": "group1",
          "affiliation": "0001",
          "username": "peer2",
          "secret": "2fe5440aa7"
        },
        {
          "enrollId": "peer3",
          "enrollSecret": "73ccc5a086",
          "group": "group1",
          "affiliation": "0001",
          "username": "peer3",
          "secret": "73ccc5a086"
        },
        {
          "enrollId": "dashboarduser_type1_0",
          "enrollSecret": "be9bc419c4",
          "group": "group1",
          "affiliation": "0001",
          "username": "dashboarduser_type1_0",
          "secret": "be9bc419c4"
        },
        {
          "enrollId": "dashboarduser_type1_1",
          "enrollSecret": "27753e54bb",
          "group": "group1",
          "affiliation": "0001",
          "username": "dashboarduser_type1_1",
          "secret": "27753e54bb"
        },
        {
          "enrollId": "dashboarduser_type1_2",
          "enrollSecret": "d001a62c94",
          "group": "group1",
          "affiliation": "0001",
          "username": "dashboarduser_type1_2",
          "secret": "d001a62c94"
        },
        {
          "enrollId": "dashboarduser_type1_3",
          "enrollSecret": "507e80ce50",
          "group": "group1",
          "affiliation": "0001",
          "username": "dashboarduser_type1_3",
          "secret": "507e80ce50"
        },
        {
          "enrollId": "user_type1_0",
          "enrollSecret": "f8dc752d3c",
          "group": "group1",
          "affiliation": "0001",
          "username": "user_type1_0",
          "secret": "f8dc752d3c"
        },
        {
          "enrollId": "user_type1_1",
          "enrollSecret": "2b19ed2755",
          "group": "group1",
          "affiliation": "0001",
          "username": "user_type1_1",
          "secret": "2b19ed2755"
        },
        {
          "enrollId": "user_type1_2",
          "enrollSecret": "66c3d001d9",
          "group": "group1",
          "affiliation": "0001",
          "username": "user_type1_2",
          "secret": "66c3d001d9"
        },
        {
          "enrollId": "user_type1_3",
          "enrollSecret": "9b63766a65",
          "group": "group1",
          "affiliation": "0001",
          "username": "user_type1_3",
          "secret": "9b63766a65"
        },
        {
          "enrollId": "user_type1_4",
          "enrollSecret": "6977c615fe",
          "group": "group1",
          "affiliation": "0001",
          "username": "user_type1_4",
          "secret": "6977c615fe"
        },
        {
          "enrollId": "user_type2_0",
          "enrollSecret": "6829975594",
          "group": "group1",
          "affiliation": "0001",
          "username": "user_type2_0",
          "secret": "6829975594"
        },
        {
          "enrollId": "user_type2_1",
          "enrollSecret": "850fb1bfc2",
          "group": "group1",
          "affiliation": "0001",
          "username": "user_type2_1",
          "secret": "850fb1bfc2"
        },
        {
          "enrollId": "user_type2_2",
          "enrollSecret": "2bbbfbd2f2",
          "group": "group1",
          "affiliation": "0001",
          "username": "user_type2_2",
          "secret": "2bbbfbd2f2"
        },
        {
          "enrollId": "user_type2_3",
          "enrollSecret": "557056cbd5",
          "group": "group1",
          "affiliation": "0001",
          "username": "user_type2_3",
          "secret": "557056cbd5"
        },
        {
          "enrollId": "user_type2_4",
          "enrollSecret": "993f5fe48f",
          "group": "group1",
          "affiliation": "0001",
          "username": "user_type2_4",
          "secret": "993f5fe48f"
        },
        {
          "enrollId": "user_type4_0",
          "enrollSecret": "6e3f284fb2",
          "group": "group1",
          "affiliation": "0001",
          "username": "user_type4_0",
          "secret": "6e3f284fb2"
        },
        {
          "enrollId": "user_type4_1",
          "enrollSecret": "75f23d7e24",
          "group": "group1",
          "affiliation": "0001",
          "username": "user_type4_1",
          "secret": "75f23d7e24"
        },
        {
          "enrollId": "user_type4_2",
          "enrollSecret": "d3ed1e50a0",
          "group": "group1",
          "affiliation": "0001",
          "username": "user_type4_2",
          "secret": "d3ed1e50a0"
        },
        {
          "enrollId": "user_type4_3",
          "enrollSecret": "ca2e1d9223",
          "group": "group1",
          "affiliation": "0001",
          "username": "user_type4_3",
          "secret": "ca2e1d9223"
        },
        {
          "enrollId": "user_type4_4",
          "enrollSecret": "0e2106d306",
          "group": "group1",
          "affiliation": "0001",
          "username": "user_type4_4",
          "secret": "0e2106d306"
        },
        {
          "enrollId": "user_type8_0",
          "enrollSecret": "c35db5ef8f",
          "group": "group1",
          "affiliation": "0001",
          "username": "user_type8_0",
          "secret": "c35db5ef8f"
        },
        {
          "enrollId": "user_type8_1",
          "enrollSecret": "55e4f2df7e",
          "group": "group1",
          "affiliation": "0001",
          "username": "user_type8_1",
          "secret": "55e4f2df7e"
        },
        {
          "enrollId": "user_type8_2",
          "enrollSecret": "a451934239",
          "group": "group1",
          "affiliation": "0001",
          "username": "user_type8_2",
          "secret": "a451934239"
        },
        {
          "enrollId": "user_type8_3",
          "enrollSecret": "3fc474970a",
          "group": "group1",
          "affiliation": "0001",
          "username": "user_type8_3",
          "secret": "3fc474970a"
        },
        {
          "enrollId": "user_type8_4",
          "enrollSecret": "f0cd3816fc",
          "group": "group1",
          "affiliation": "0001",
          "username": "user_type8_4",
          "secret": "f0cd3816fc"
        }
      ]
    }
  },
  "users": [
    {
      "username": "admin",
      "secret": "fa79bac40b",
      "enrollId": "admin",
      "enrollSecret": "fa79bac40b"
    },
    {
      "username": "WebAppAdmin",
      "secret": "45ab9df4af",
      "enrollId": "WebAppAdmin",
      "enrollSecret": "45ab9df4af"
    },
    {
      "username": "user_type1_0",
      "secret": "f8dc752d3c",
      "enrollId": "user_type1_0",
      "enrollSecret": "f8dc752d3c"
    },
    {
      "username": "user_type1_1",
      "secret": "2b19ed2755",
      "enrollId": "user_type1_1",
      "enrollSecret": "2b19ed2755"
    },
    {
      "username": "user_type1_2",
      "secret": "66c3d001d9",
      "enrollId": "user_type1_2",
      "enrollSecret": "66c3d001d9"
    },
    {
      "username": "user_type1_3",
      "secret": "9b63766a65",
      "enrollId": "user_type1_3",
      "enrollSecret": "9b63766a65"
    },
    {
      "username": "user_type1_4",
      "secret": "6977c615fe",
      "enrollId": "user_type1_4",
      "enrollSecret": "6977c615fe"
    },
    {
      "username": "user_type2_0",
      "secret": "6829975594",
      "enrollId": "user_type2_0",
      "enrollSecret": "6829975594"
    },
    {
      "username": "user_type2_1",
      "secret": "850fb1bfc2",
      "enrollId": "user_type2_1",
      "enrollSecret": "850fb1bfc2"
    },
    {
      "username": "user_type2_2",
      "secret": "2bbbfbd2f2",
      "enrollId": "user_type2_2",
      "enrollSecret": "2bbbfbd2f2"
    },
    {
      "username": "user_type2_3",
      "secret": "557056cbd5",
      "enrollId": "user_type2_3",
      "enrollSecret": "557056cbd5"
    },
    {
      "username": "user_type2_4",
      "secret": "993f5fe48f",
      "enrollId": "user_type2_4",
      "enrollSecret": "993f5fe48f"
    },
    {
      "username": "user_type4_0",
      "secret": "6e3f284fb2",
      "enrollId": "user_type4_0",
      "enrollSecret": "6e3f284fb2"
    },
    {
      "username": "user_type4_1",
      "secret": "75f23d7e24",
      "enrollId": "user_type4_1",
      "enrollSecret": "75f23d7e24"
    },
    {
      "username": "user_type4_2",
      "secret": "d3ed1e50a0",
      "enrollId": "user_type4_2",
      "enrollSecret": "d3ed1e50a0"
    },
    {
      "username": "user_type4_3",
      "secret": "ca2e1d9223",
      "enrollId": "user_type4_3",
      "enrollSecret": "ca2e1d9223"
    },
    {
      "username": "user_type4_4",
      "secret": "0e2106d306",
      "enrollId": "user_type4_4",
      "enrollSecret": "0e2106d306"
    },
    {
      "username": "user_type8_0",
      "secret": "c35db5ef8f",
      "enrollId": "user_type8_0",
      "enrollSecret": "c35db5ef8f"
    },
    {
      "username": "user_type8_1",
      "secret": "55e4f2df7e",
      "enrollId": "user_type8_1",
      "enrollSecret": "55e4f2df7e"
    },
    {
      "username": "user_type8_2",
      "secret": "a451934239",
      "enrollId": "user_type8_2",
      "enrollSecret": "a451934239"
    },
    {
      "username": "user_type8_3",
      "secret": "3fc474970a",
      "enrollId": "user_type8_3",
      "enrollSecret": "3fc474970a"
    },
    {
      "username": "user_type8_4",
      "secret": "f0cd3816fc",
      "enrollId": "user_type8_4",
      "enrollSecret": "f0cd3816fc"
    }
  ],
  "cert": "https://blockchain-certs.mybluemix.net/us.blockchain.ibm.com.cert"
}
}
